p1,p2,e1,e2,label
0.003082022,0.996917978,0.002799915,0.90566707,left
0.001259663,0.998740337,0.002508045,1.988537156,left
0.000618118,0.999381882,0.002297414,3.714491675,left
0.000360358,0.999639642,0.002084881,5.783503373,left
0.000263703,0.999736297,0.001968544,7.463036431,left
0.000256866,0.999743134,0.002093084,8.146461532,left
0.000336285,0.999663715,0.002678902,7.963475225,left
0.000425381,0.999574619,0.003256871,7.65310183,left
0.000462398,0.999537602,0.003589992,7.760270648,left
0.000443971,0.999556029,0.003683725,8.293527326,left
0.000406376,0.999593624,0.00371676,9.142386621,left
0.000353897,0.999646103,0.003725905,10.52449188,left
0.000298279,0.999701721,0.003791099,12.70612294,left
0.00025632,0.99974368,0.003950407,15.40804693,left
0.000250942,0.999749058,0.004468719,17.80330379,left
0.000276267,0.999723733,0.005298332,19.17302191,left
0.000333724,0.999666276,0.006439415,19.2891835,left
0.000436569,0.999563431,0.007992439,18.29939603,left
0.000611466,0.999388534,0.010074004,16.46509154,left
0.000823458,0.999176542,0.011612725,14.09078435,left
0.000997348,0.999002652,0.011457386,11.47639987,left
0.001163469,0.998836531,0.010302414,8.84460477,left
0.001552207,0.998447793,0.009862743,6.344151969,left
0.002415486,0.997584514,0.010142915,4.188977842,left
0.00348763,0.99651237,0.009738087,2.78244047,left
0.002796449,0.997203551,0.007561215,2.696302021,left
0.001162802,0.998837198,0.005200259,4.466977937,left
0.00051128,0.99948872,0.004276655,8.360324635,left
0.000303042,0.999696958,0.004281194,14.1231313,left
0.00016984,0.99983016,0.003557231,20.94098465,left
7.53E-05,0.999924724,0.002078174,27.60533482,left
4.17E-05,0.999958326,0.001381482,33.14806627,left
6.59E-05,0.999934092,0.002430027,36.86757494,left
9.49E-05,0.999905083,0.003625835,38.19624713,left
0.000107023,0.999892977,0.003933366,36.74869649,left
0.000120408,0.999879592,0.003933264,32.66224424,left
0.000156311,0.999843689,0.004186935,26.78165648,left
0.000211591,0.999788409,0.004327353,20.44713457,left
0.000249989,0.999750011,0.003669182,14.67371849,left
0.000221744,0.999778256,0.002207314,9.952124049,left
0.000157498,0.999842502,0.001002834,6.366277529,left
0.00017779,0.99982221,0.000679468,3.821060509,left
0.00031509,0.99968491,0.000679147,2.154724409,left
0.000478567,0.999521433,0.00055474,1.158613816,left
0.001539519,0.998460481,0.001744553,1.131435895,left
0.000724156,0.999275844,0.001880495,2.59493054,left
0.000472209,0.999527791,0.002268907,4.802608098,left
0.00032506,0.99967494,0.0024358,7.490938984,left
0.00019402,0.99980598,0.002022247,10.42084152,left
0.000100156,0.999899844,0.001338499,13.36281544,left
5.88E-05,0.999941189,0.000941853,16.01407242,left
5.12E-05,0.999948781,0.000922647,18.0126839,left
4.41E-05,0.999955935,0.000844562,19.16553054,left
3.11E-05,0.999968859,0.000612021,19.6526997,left
2.70E-05,0.999972974,0.000535898,19.82869826,left
2.68E-05,0.999973223,0.000529555,19.77568623,left
3.21E-05,0.999967937,0.000617731,19.26524987,left
0.000107574,0.999892426,0.001943423,18.0640059,left
0.0003757,0.9996243,0.006105551,16.24502751,left
0.000941638,0.999058362,0.013257401,14.06583336,left
0.00184243,0.99815757,0.021547168,11.6734243,left
0.003014404,0.996985596,0.027488494,9.091558229,left
0.004756573,0.995243427,0.030590642,6.400644959,left
0.008022831,0.991977169,0.031708971,3.920633181,left
0.012118438,0.987881562,0.030821943,2.512570532,left
0.00771235,0.99228765,0.026781468,3.445761386,left
0.002638429,0.997361571,0.019571566,7.398314423,left
0.000838121,0.999161879,0.011356717,13.53885571,left
0.000307779,0.999692221,0.00623524,20.25259688,left
0.000185718,0.999814282,0.004939482,26.59172995,left
0.000177698,0.999822302,0.005781469,32.52960837,left
0.000175404,0.999824596,0.006626645,37.7726984,left
0.000174057,0.999825943,0.007118754,40.89178238,left
0.000185059,0.999814941,0.007471391,40.36549361,left
0.000205915,0.999794085,0.007492769,36.38016489,left
0.000215701,0.999784299,0.006619698,30.68257795,left
0.000195136,0.999804864,0.004848894,24.84396025,left
0.000147107,0.999852893,0.002853511,19.39472793,left
0.000119689,0.999880311,0.001710157,14.28661428,left
0.000161697,0.999838303,0.001544461,9.550040787,left
0.00032417,0.99967583,0.001833368,5.653736598,left
0.000540458,0.999459542,0.001908597,3.529532046,left
0.000456014,0.999543986,0.001744962,3.824805827,left
0.000487483,0.999512517,0.002939943,6.027925028,left
0.000862194,0.999137806,0.007603431,8.811097839,left
0.001320471,0.998679529,0.014963652,11.31709051,left
0.001552813,0.998447187,0.021269407,13.67607467,left
0.001485741,0.998514259,0.024258382,16.3032022,left
0.001327915,0.998672085,0.025143796,18.90964901,left
0.001245728,0.998754272,0.025558022,20.49098368,left
0.00120672,0.99879328,0.024825044,20.54750465,left
0.001096446,0.998903554,0.021624751,19.70096667,left
0.000912542,0.999087458,0.017046926,18.66364622,left
0.000800075,0.999199925,0.014064209,17.56455117,left
0.000841986,0.999158014,0.013581333,16.11654055,left
0.001005394,0.998994606,0.01396284,13.87396492,left
0.001280245,0.998719755,0.013872766,10.82215147,left
0.001655896,0.998344104,0.0133349,8.039646085,left
0.001606694,0.998393306,0.011818607,7.344037735,left
0.000890476,0.999109524,0.008889193,9.973635133,left
0.000333927,0.999666073,0.005136647,15.37740067,left
9.55E-05,0.999904458,0.002081275,21.78177565,left
2.40E-05,0.999975981,0.00067082,27.92786123,left
2.15E-05,0.999978485,0.000720992,33.5111572,left
3.53E-05,0.99996471,0.001344704,38.10288177,left
5.72E-05,0.999942797,0.00231371,40.44485078,left
8.60E-05,0.999913961,0.003383932,39.32694656,left
0.000120109,0.999879891,0.00418495,34.83885555,left
0.000158432,0.999841568,0.004492169,28.34936777,left
0.000204922,0.999795078,0.004424572,21.58707077,left
0.000258043,0.999741957,0.004180375,16.19613131,left
0.00030916,0.99969084,0.004089482,13.22364894,left
0.000415789,0.999584211,0.00518003,12.45313244,left
0.000686503,0.999313497,0.008756202,12.74603312,left
0.001044589,0.998955411,0.014064934,13.45049723,left
0.00121776,0.99878224,0.018155596,14.89085683,left
0.00113381,0.99886619,0.019585417,17.25439813,left
0.00098085,0.99901915,0.019533653,19.89549588,left
0.000875537,0.999124463,0.019017815,21.702307,left
0.000785933,0.999214067,0.016995432,21.60754139,left
0.000639677,0.999360323,0.012355393,19.30269378,left
0.000385014,0.999614986,0.006233341,16.18369206,left
0.000131026,0.999868974,0.001957479,14.93766871,left
0.000143304,0.999856696,0.00246754,17.21644719,left
0.0003942,0.9996058,0.008556936,21.69852375,left
0.000711883,0.999288117,0.018351377,25.76030525,left
0.0009976,0.9990024,0.028643089,28.68335926,left
0.001152838,0.998847162,0.036644989,31.75012055,left
0.001199835,0.998800165,0.042257083,35.17681,left
0.001251758,0.998748242,0.046100118,36.78220263,left
0.001370178,0.998629822,0.047252859,34.43941562,left
0.001537492,0.998462508,0.043783092,28.43317761,left
0.001684295,0.998315705,0.035598541,21.09997951,left
0.001712374,0.998287626,0.025753293,15.01377573,left
0.00153938,0.99846062,0.017742836,11.50822156,left
0.001197439,0.998802561,0.012375504,10.3226051,left
0.00087967,0.99912033,0.00913823,10.37910446,left
0.000632982,0.999367018,0.006928864,10.93945901,left
0.000397493,0.999602507,0.004860943,12.22414968,left
0.000227714,0.999772286,0.003311691,14.53987328,left
0.000167986,0.999832014,0.002901584,17.26983979,left
0.000192092,0.999807908,0.003709866,19.30927557,left
0.000284318,0.999715682,0.005721338,20.11728557,left
0.00043615,0.99956385,0.00867283,19.87629297,left
0.000641902,0.999358098,0.012186758,18.97320465,left
0.000884011,0.999115989,0.015609391,17.64185072,left
0.001161993,0.998838007,0.018484557,15.889153,left
0.001479267,0.998520733,0.020161972,13.60954353,left
0.001875637,0.998124363,0.020258777,10.78075088,left
0.002391378,0.997608622,0.018510113,7.72184362,left
0.002942223,0.997057777,0.015167332,5.139891968,left
0.003031339,0.996968661,0.011083095,3.645088861,left
0.002243389,0.997756611,0.007382755,3.283511884,left
0.00120853,0.99879147,0.004522142,3.737329932,left
0.000583836,0.999416164,0.002782066,4.762371345,left
0.000305852,0.999694148,0.001893197,6.188012317,left
0.000195876,0.999804124,0.001529885,7.808954626,left
0.000169321,0.999830679,0.001579137,9.324716837,left
0.000194532,0.999805468,0.002024227,10.40357314,left
0.000235663,0.999764337,0.002568416,10.89612977,left
0.000290779,0.999709221,0.003154888,10.84663526,left
0.000351835,0.999648165,0.003638078,10.3366691,left
0.000415215,0.999584785,0.003949688,9.508444298,left
0.00048832,0.99951168,0.004145216,8.484589382,left
0.000558114,0.999441886,0.004082205,7.310207816,left
0.000599418,0.999400582,0.003626861,6.047004732,left
0.000588756,0.999411244,0.002832024,4.807354507,left
0.000571613,0.999428387,0.002119613,3.706007163,left
0.000580121,0.999419879,0.001625705,2.800726812,left
0.000821969,0.999178031,0.001712597,2.081818692,left
0.002828386,0.997171614,0.004262819,1.502893328,left
0.009158878,0.990841122,0.009543071,1.032404491,left
0.002020396,0.997979604,0.003401932,1.680393051,left
0.001379995,0.998620005,0.004563757,3.302517728,left
0.001169959,0.998830041,0.006268315,5.351454879,left
0.001060353,0.998939647,0.007360202,6.933916066,left
0.001022093,0.998977907,0.007577027,7.405668686,left
0.001039175,0.998960825,0.007513139,7.222396465,left
0.000963415,0.999036585,0.007307645,7.577839125,left
0.000771691,0.999228309,0.006952269,9.002188322,left
0.000653348,0.999346652,0.007031862,10.75578478,left
0.000659969,0.999340031,0.007961301,12.05518937,left
0.000695674,0.999304326,0.009240002,13.27283779,left
0.000658468,0.999341532,0.010020348,15.20764035,left
0.000576743,0.999423257,0.010225829,17.72006896,left
0.000520775,0.999479225,0.010221253,19.61678117,left
0.000488768,0.999511232,0.009683086,19.80151237,left
0.000416115,0.999583885,0.007603281,18.26445933,left
0.000265158,0.999734842,0.004201718,15.84189707,left
0.000109988,0.999890012,0.001462173,13.29245865,left
4.16E-05,0.999958403,0.000450606,10.83213987,left
4.22E-05,0.999957845,0.000350751,8.320088747,left
7.62E-05,0.999923761,0.00043644,5.724190443,left
0.000186435,0.999813565,0.000660338,3.541264827,left
0.000416137,0.999583863,0.001158015,2.781613718,left
0.00050143,0.99949857,0.002191964,4.369235677,left
0.000356743,0.999643257,0.003061643,8.57914291,left
0.000205491,0.999794509,0.003051796,14.84821573,left
0.000149322,0.999850678,0.003287981,22.01607753,left
0.000177007,0.999822993,0.005101237,28.81434741,left
0.000219137,0.999780863,0.007493487,34.18797286,left
0.000236693,0.999763307,0.008872161,37.47496155,left
0.000230441,0.999769559,0.00879891,38.17416408,left
0.000220408,0.999779592,0.007934803,35.99259043,left
0.000261997,0.999738003,0.008189347,31.24917054,left
0.000353103,0.999646897,0.008830504,24.99949302,left
0.000408829,0.999591171,0.007603189,18.58987782,left
0.000438333,0.999561667,0.005741187,13.0920439,left
0.000819403,0.999180597,0.007251949,8.843032982,left
0.002134966,0.997865034,0.012208591,5.706190842,left
0.004494126,0.995505874,0.015549923,3.444505088,left
0.008016194,0.991983806,0.015261977,1.888631135,left
0.021729733,0.978270267,0.022602065,1.017542543,left
0.041237952,0.958762048,0.043802012,1.018375173,left
0.031407133,0.968592867,0.069950026,2.15725188,left
0.020432878,0.979567122,0.093108512,4.463690094,left
0.01680536,0.98319464,0.128542459,7.520353922,left
0.022243538,0.977756462,0.241745936,10.62639643,left
0.043883455,0.956116545,0.61436484,13.38555466,left
0.090254059,0.909745941,1.568467208,15.80988926,left
0.162014278,0.837985722,3.459440099,17.89324644,left
0.247943818,0.752056182,6.399144967,19.4097057,left
0.332002922,0.667997078,9.976090804,20.07211103,left
0.400719485,0.599280515,13.24499544,19.80804022,left
0.445337466,0.554662534,15.19664188,18.92723731,left
0.575040482,0.424959518,13.04142938,9.637720675,left
0.653803468,0.346196532,13.03030511,6.899697945,left
0.746136022,0.253863978,13.6054442,4.62909187,left
0.836028019,0.163971981,15.36135624,3.012855982,left
0.899359663,0.100640337,17.93993264,2.007518179,left
0.925203364,0.074796636,19.87228826,1.606544435,left
0.906465895,0.093534105,19.59624266,2.022047417,left
0.822268425,0.177731575,16.93367041,3.660176931,left
0.6596684,0.3403316,13.6349999,7.034475693,left
0.36367353,0.63632647,10.87158445,19.02221744,left
0.260985775,0.739014225,9.192165486,26.02877891,left
0.164637307,0.835362693,6.340359179,32.17071271,left
0.112659505,0.887340495,4.652556991,36.6449528,left
0.129668191,0.870331809,5.811525441,39.00690982,left
0.174335394,0.825664606,8.200831188,38.83970953,left
0.200724611,0.799275389,9.023619322,35.93160212,left
0.206977843,0.793022157,8.017581179,30.71884133,left
0.227078571,0.772921429,7.159946932,24.37075587,left
0.282162429,0.717837571,7.150939786,18.19240524,left
0.337764246,0.662235754,6.596964316,12.9343046,left
0.351505306,0.648494694,4.748046791,8.759706034,left
0.328471604,0.671528396,2.724388575,5.569748691,left
0.375648962,0.624351038,1.94403485,3.231102174,left
0.613231828,0.386768172,2.775663656,1.750624001,left
0.774885925,0.225114075,4.836044787,1.404931633,left
0.756746941,0.243253059,7.750130619,2.491246246,left
0.695302272,0.304697728,11.32275409,4.961895823,left
0.651186666,0.348813334,15.3029355,8.197139531,left
0.628398596,0.371601404,19.24612434,11.38113113,left
0.614420879,0.385579121,22.57206468,14.16507343,left
0.598531468,0.401468532,24.77455592,16.61768035,left
0.577879463,0.422120537,25.56533195,18.67457199,left
0.554094683,0.445905317,24.88820297,20.0286745,left
0.40858276,0.59141724,11.84072908,17.13927265,left
0.346850551,0.653149449,8.296794382,15.6235781,left
0.280951077,0.719048923,5.409729295,13.84532872,left
0.218810339,0.781189661,3.233698113,11.5448454,left
0.169280827,0.830719173,1.773176552,8.701586478,left
0.149925139,0.850074861,1.040527352,5.899785371,left
0.185190963,0.814809037,0.967749373,4.257934211,left
0.221595774,0.778404226,1.406446732,4.940455586,left
0.205227297,0.794772703,2.172314786,8.412606488,left
0.178830078,0.821169922,3.072887752,14.1103948,left
0.160889615,0.839110385,3.970768985,20.70931362,left
0.149639517,0.850360483,4.789683088,27.21846008,left
0.142125377,0.857874623,5.490388412,33.1402104,left
0.137319119,0.862680881,6.026192417,37.85839158,left
0.135815185,0.864184815,6.326245808,40.25356638,left
0.138515088,0.861484912,6.33219989,39.38267493,left
0.146425657,0.853574343,6.06877744,35.37735695,left
0.159760387,0.840239613,5.625960029,29.58902744,left
0.178262533,0.821737467,5.098372764,23.50198802,left
0.202185852,0.797814148,4.536692433,17.90153646,left
0.234119849,0.765880151,3.954472119,12.93633031,left
0.280082367,0.719917633,3.361179102,8.639501772,left
0.350867242,0.649132758,2.788840579,5.159580489,left
0.449389711,0.550610289,2.279036603,2.792367004,left
0.320126509,0.679873491,1.480100074,3.1433848,left
0.170594544,0.829405456,1.155115884,5.616002683,left
0.091173436,0.908826564,0.858229819,8.554926616,left
0.050236499,0.949763501,0.599788435,11.33950775,left
0.027626879,0.972373121,0.395636597,13.92507598,left
0.015110872,0.984889128,0.253410409,16.51666187,left
0.008693374,0.991306626,0.165442238,18.86540105,left
0.005675658,0.994324342,0.115739028,20.27643934,left
0.005138267,0.994861733,0.103375217,20.01531879,left
0.00746898,0.99253102,0.134392361,17.85901013,left
0.013706633,0.986293367,0.206696679,14.87335105,left
0.022063236,0.977936764,0.303421797,13.44894846,left
0.025659844,0.974340156,0.401661419,15.25164546,left
0.024959436,0.975040564,0.488049577,19.06566064,left
0.024864764,0.975135236,0.554207844,21.73467593,left
0.026197123,0.973802877,0.586486465,21.80095156,left
0.026492832,0.973507168,0.571183891,20.98875723,left
0.02332385,0.97667615,0.511870552,21.43435828,left
0.018881305,0.981118695,0.431898378,22.44249367,left
0.016681082,0.983318918,0.365265798,21.53174267,left
0.019980586,0.980019414,0.3735105,18.32016047,left
0.036268276,0.963731724,0.581604126,15.45456261,left
0.069347978,0.930652022,1.139634822,15.2939347,left
0.104938626,0.895061374,2.021330211,17.24069259,left
0.134688736,0.865311264,2.908240419,18.68406573,left
0.159960801,0.840039199,3.403664427,17.87445119,left
0.184476287,0.815523713,3.44704946,15.23854708,left
0.220203548,0.779796452,3.437429656,12.17280773,left
0.295363089,0.704636911,3.964724772,9.458498776,left
0.428465591,0.571534409,5.342372604,7.126242642,left
0.594510212,0.405489788,7.312563439,4.987584303,left
0.746828878,0.253171122,9.209194971,3.121869397,left
0.829234264,0.170765736,10.4964998,2.161563492,left
0.78344819,0.21655181,11.07135424,3.060217418,left
0.635264683,0.364735317,11.03130153,6.333588773,left
0.33161951,0.66838049,8.867940579,17.8733708,left
0.231687467,0.768312533,7.38173326,24.47900294,left
0.19155903,0.80844097,7.327939262,30.92627013,left
0.213656388,0.786343612,9.948716082,36.61537762,left
0.266153019,0.733846981,14.66140453,40.42496869,left
0.314763746,0.685236254,18.976672,41.31194848,left
0.346230945,0.653769055,20.7302183,39.14374325,left
0.367956733,0.632043267,20.25179402,34.78672603,left
0.398665965,0.601334035,19.42246916,29.29618476,left
0.446657657,0.553342343,18.92832949,23.4493824,left
0.556851741,0.443148259,15.42375144,12.27437773,left
0.636996238,0.363003762,13.61957167,7.761357862,left
0.759331237,0.240668763,14.17637986,4.493179828,left
0.872043489,0.127956511,16.7199645,2.453350492,left
0.935146143,0.064853857,18.92487745,1.312470044,left
0.96499995,0.03500005,18.956494,0.687542251,left
0.981068443,0.018931557,16.91507306,0.326408087,left
0.98651206,0.01348794,14.08288566,0.192546174,left
0.95934599,0.04065401,11.54867914,0.489396031,left
0.861594657,0.138405343,9.596465702,1.541562634,left
0.694177375,0.305822625,7.986583059,3.518521172,left
0.40166728,0.59833272,6.28466488,9.361779809,left
0.369222203,0.630777797,7.304751394,12.47940929,left
0.380676615,0.619323385,9.454286942,15.38119435,left
0.397078187,0.602921813,11.73292247,17.81521905,left
0.405893824,0.594106176,13.32126771,19.49831944,left
0.408334982,0.591665018,14.012834,20.30417194,left
0.405757187,0.594242813,13.91439263,20.37801939,left
0.396310238,0.603689762,13.15861151,20.04419342,left
0.377851762,0.622148238,11.86622233,19.53821589,left
0.351314095,0.648685905,10.21349055,18.85875764,left
0.321494615,0.678505385,8.438640857,17.80951528,left
0.294213244,0.705786756,6.745673404,16.18216396,left
0.271840229,0.728159771,5.219068747,13.97996141,left
0.253996448,0.746003552,3.892461062,11.43240312,left
0.239719518,0.760280482,2.775192282,8.801638446,left
0.228660915,0.771339085,1.865039283,6.291314356,left
0.223143531,0.776856469,1.171474017,4.078393693,left
0.232415705,0.767584295,0.706298755,2.332647155,left
0.278717962,0.721282038,0.464492821,1.202040679,left
0.419283567,0.580716433,0.773098967,1.070758097,left
0.401472656,0.598527344,1.076644238,1.605093166,left
0.36517129,0.63482871,1.402070082,2.437415992,left
0.300486998,0.699513002,1.700472807,3.958583393,left
0.224371314,0.775628686,1.934340419,6.686817009,left
0.160517811,0.839482189,2.086076889,10.9098447,left
0.116244621,0.883755379,2.151061558,16.35354993,left
0.086978792,0.913021208,2.13090168,22.36819326,left
0.066887712,0.933112288,2.028595187,28.29977351,left
0.052332709,0.947667291,1.856305813,33.61492934,left
0.041828189,0.958171811,1.642108673,37.61631283,left
0.034938445,0.965061555,1.42605587,39.39018183,left
0.03122553,0.96877447,1.231975066,38.22212112,left
0.029751703,0.970248297,1.052885432,34.33619611,left
0.029447597,0.970552403,0.874260203,28.81441724,left
0.029616411,0.970383589,0.695899446,22.80118939,left
0.030389396,0.969610604,0.532884455,17.00232583,left
0.033518202,0.966481798,0.408891678,11.79020175,left
0.041900009,0.958099991,0.324381891,7.417427757,left
0.054901425,0.945098575,0.248019656,4.269525293,left
0.056482691,0.943517309,0.173441583,2.897261682,left
0.037735093,0.962264907,0.138850895,3.540771569,left
0.023989737,0.976010263,0.139649727,5.681578165,left
0.015339505,0.984660495,0.129545314,8.315663107,left
0.009842841,0.990157159,0.107347853,10.79883815,left
0.005857134,0.994142866,0.077148652,13.09459143,left
0.004795504,0.995204496,0.074266819,15.41249318,left
0.02651261,0.97348739,0.476238269,17.48646984,left
0.099264369,0.900735631,2.068918794,18.77359303,left
0.220050008,0.779949992,5.402970821,19.1504063,left
0.346039447,0.653960553,10.07225478,19.03498971,left
0.441074325,0.558925675,14.87202389,18.84570359,left
0.550501064,0.449498936,21.57301596,17.61494818,left
0.557002211,0.442997789,20.05458027,15.94990923,left
0.554187591,0.445812409,16.89087502,13.58774865,left
0.551883569,0.448116431,13.49702277,10.9592639,left
0.573942512,0.426057488,11.36558739,8.437070806,left
0.641522117,0.358477883,10.99357184,6.143127803,left
0.74554672,0.25445328,12.00297282,4.096585391,left
0.847680549,0.152319451,13.9163575,2.50062589,left
0.894897348,0.105102652,16.34335665,1.919471692,left
0.856790106,0.143209894,18.70461017,3.126419444,left
0.755504234,0.244495766,20.27022824,6.559837462,left
0.632680447,0.367319553,20.60401861,11.96221402,left
0.423455069,0.576544931,18.60050863,25.32506934,left
0.351502715,0.648497285,17.17758989,31.69142073,left
0.298250798,0.701749202,15.62224822,36.75732064,left
0.258025867,0.741974133,13.71064542,39.42606369,left
0.224265027,0.775734973,11.25102272,38.91740013,left
0.191823128,0.808176872,8.408606857,35.42660178,left
0.159371396,0.840628604,5.698812005,30.05924836,left
0.130692637,0.869307363,3.618337949,24.06752124,left
0.112834104,0.887165896,2.322066754,18.25740936,left
0.119083805,0.880916195,1.75653348,12.99386422,left
0.18498826,0.81501174,1.927939702,8.494017383,left
0.359736728,0.640263272,3.007453167,5.352697279,left
0.616580764,0.383419236,8.751963534,5.442387055,left
0.634709589,0.365290411,13.38358273,7.702569068,left
0.647313032,0.352686968,18.56391647,10.11450579,left
0.653971861,0.346028139,23.53550694,12.45305517,left
0.64661502,0.35338498,27.61651632,15.09284776,left
0.629868393,0.370131607,30.32175432,17.81807084,left
0.614070951,0.385929049,31.31316755,19.67958421,left
0.602476376,0.397523624,30.38315564,20.04729582,left
0.587982752,0.412017248,27.59810709,19.33882601,left
0.5615342,0.4384658,23.48411217,18.3372269,left
0.436300738,0.563699262,10.16717775,13.13596354,left
0.396596814,0.603403186,6.794054193,10.33683025,left
0.315333432,0.684666568,4.202379105,9.12440036,left
0.181337291,0.818662709,2.453551955,11.07677014,left
0.08764452,0.91235548,1.518094977,15.80295356,left
0.054849089,0.945150911,1.250049483,21.54065693,left
0.05058272,0.94941728,1.444488969,27.11247614,left
0.0557876,0.9442124,1.922454256,32.53778895,left
0.064006605,0.935993395,2.561085249,37.45174261,left
0.075047352,0.924952648,3.268118378,40.27929922,left
0.091413977,0.908586023,3.952145473,39.28134703,left
0.115986116,0.884013884,4.53717939,34.58111799,left
0.15038314,0.84961686,4.988224794,28.18188193,left
0.194243199,0.805756801,5.307857851,22.01797835,left
0.248231548,0.751768452,5.497066887,16.64784952,left
0.315298371,0.684701629,5.533772527,12.01713489,left
0.402840433,0.597159567,5.387275537,7.985948937,left
0.629895701,0.370104299,4.558779849,2.678576812,left
0.631572174,0.368427826,3.978461762,2.320836917,left
0.324727326,0.675272674,2.791851496,5.805674086,left
0.213099526,0.786900474,2.241048036,8.27539035,left
0.13960962,0.86039038,1.747774748,10.77123896,left
0.089767613,0.910232387,1.328636465,13.47220783,left
0.057079438,0.942920562,0.987697092,16.31620664,left
0.036578829,0.963421171,0.709751311,18.69358488,left
0.023048011,0.976951989,0.472692376,20.03633886,left
0.013986734,0.986013266,0.289287736,20.3937199,left
0.011550645,0.988449355,0.237800509,20.34983781,left
0.022007057,0.977992943,0.455586077,20.24623171,left
0.053116221,0.946883779,1.108257584,19.75650968,left
0.111387214,0.888612786,2.306720561,18.40230417,left
0.198370547,0.801629453,3.991996756,16.13194205,left
0.303703181,0.696296819,5.839312607,13.38772543,left
0.406775979,0.593224021,7.304321009,10.65229734,left
0.576235608,0.423764392,7.702246151,5.664241531,left
0.672471898,0.327528102,7.148068238,3.481473698,left
0.77733919,0.22266081,6.834642938,1.957713125,left
0.793570505,0.206429495,6.967668513,1.812482047,left
0.680406862,0.319593138,7.525992396,3.535025383,left
0.448692155,0.551307845,10.66349267,13.10222853,left
0.391359769,0.608640231,13.37639558,20.80288559,left
0.353235199,0.646764801,15.97980083,29.25861504,left
0.325541325,0.674458675,17.35562257,35.95749386,left
0.305928465,0.694071535,16.88881997,38.31630772,left
0.289754585,0.710245415,14.89428413,36.50881664,left
0.271174481,0.728825519,12.28111872,33.00750389,left
0.251060937,0.748939063,9.830845803,29.32636406,left
0.239501109,0.760498891,7.854493078,24.94073329,left
0.244189925,0.755810075,6.410185009,19.84063193,left
0.261533245,0.738466755,5.716949056,16.14240979,left
0.276511019,0.723488981,6.09605364,15.95027808,left
0.292751072,0.707248928,7.497117441,18.11207124,left
0.330134784,0.669865216,9.300199892,18.87071801,left
0.393595478,0.606404522,10.73613613,16.54094588,left
0.445412336,0.554587664,11.40273359,14.19766556,left
0.418102918,0.581897082,11.34135002,15.78438751,left
0.338717818,0.661282182,10.74022673,20.96825196,left
0.271666674,0.728333326,9.742643767,26.1198476,left
0.223048317,0.776951683,8.465124335,29.48685155,left
0.178641985,0.821358015,7.032204498,32.33258709,left
0.13534847,0.86465153,5.590685164,35.71517642,left
0.101669327,0.898330673,4.267974177,37.71100133,left
0.081730228,0.918269772,3.122202879,35.07912063,left
0.072849291,0.927150709,2.178686898,27.7280819,left
0.068351693,0.931648307,1.448106054,19.73799747,left
0.058539188,0.941460812,0.913354085,14.68908447,left
0.040803502,0.959196498,0.550483293,12.94059646,left
0.025316234,0.974683766,0.33111757,12.74814088,left
0.017748904,0.982251096,0.228717069,12.6575475,left
0.017064089,0.982935911,0.223900214,12.8972346,left
0.020485279,0.979514721,0.301861784,14.4336845,left
0.025447739,0.974552261,0.441637803,16.91305939,left
0.031485022,0.968514978,0.609759562,18.7568957,left
0.039678,0.960322,0.778958435,18.85304017,left
0.050687978,0.949312022,0.932533172,17.46498845,left
0.064504415,0.935495585,1.060098379,15.3744105,left
0.080960518,0.919039482,1.154520244,13.10576707,left
0.101010652,0.898989348,1.211388108,10.78128872,left
0.128465069,0.871534931,1.224574321,8.307778157,left
0.174139675,0.825860325,1.202758423,5.704101956,left
0.258873441,0.741126559,1.155814894,3.308972574,left
0.413381003,0.586618997,1.08982602,1.546545785,left
0.59316583,0.40683417,1.00600234,0.689986013,left
0.616693623,0.383306377,0.901841728,0.560540393,left
0.376229672,0.623770328,0.635047911,1.052878262,left
0.270409329,0.729590671,0.496570409,1.339795267,left
0.187413686,0.812586314,0.36758236,1.593759784,left
0.123033248,0.876966752,0.252487178,1.799699382,left
0.074262073,0.925737927,0.155618783,1.939916346,left
0.038616441,0.961383559,0.081239015,2.022502649,left
0.01647659,0.98352341,0.034597224,2.065183429,left
0.005854199,0.994145801,0.012200132,2.071796742,left
0.002462127,0.997537873,0.005027023,2.036713406,left
0.002463199,0.997536801,0.004808693,1.947405902,left
0.004160742,0.995839258,0.007477758,1.789739547,left
0.007298853,0.992701147,0.011506735,1.565005981,left
0.012474114,0.987525886,0.016273439,1.288303229,left
0.0207923,0.9792077,0.021212174,0.998981558,left
0.9397539921177427,0.060246007882257334,1.0316593645711056,0.06613790282464495
0.9660924361892018,0.033907563810798215,1.5266719395892356,0.05358258099397764
0.9779830351186122,0.022016964881387702,2.0536398770329307,0.046232823503086246
0.9844165892091697,0.015583410790830242,2.4982086894682434,0.039546887644874185
0.9886779820816993,0.011322017918300772,2.7515246120345553,0.03150956279465977
0.9919826271007656,0.008017372899234418,2.77140449024367,0.022398964100647633
0.9940777684377895,0.005922231562210538,2.562486424771908,0.01526604704817915
0.994628904147336,0.005371095852664086,2.1763645284542976,0.01175258676268524
0.9937049303199114,0.006295069680088653,1.7128893854092275,0.010851066253605018
0.9914582395140057,0.008541760485994336,1.3140472420928533,0.01132097789084944
0.9881597327894664,0.01184026721053355,1.1170332104051597,0.013384447124658451
0.9857201301652888,0.01427986983471113,1.2055939139762475,0.01746512386047544
0.9860157287685011,0.013984271231498856,1.555692107235744,0.02206376606938933
0.9873887927950947,0.012611207204905309,2.082623792324358,0.026599856476514225
0.9887207138746361,0.01127928612536395,2.666856728752573,0.030423394267803702
0.9897471512557122,0.010252848744287665,3.1736986102445854,0.032876529899086085
0.9906164512895206,0.009383548710479445,3.4834883779205814,0.03299711289274103
0.9916401556629193,0.008359844337080615,3.5243562784951084,0.02971145299872971
0.992758744168801,0.00724125583119896,3.29552069967556,0.02403777214104792
0.9922566685795886,0.007743331420411397,2.8703873999116913,0.022399810095815348
0.9881335693100316,0.011866430689968508,2.343700348826714,0.028145342503470068
0.9778989891484658,0.02210101085153414,1.7986417958417837,0.04065021263856419
0.9591596783446212,0.04084032165537871,1.3040701132199781,0.05552635717233984
0.9295295069711674,0.0704704930288326,0.9225220234061526,0.06993923413063244
0.9078715061797666,0.09212849382023326,0.94425276066825,0.0958203710919613
0.9348080680415787,0.06519193195842138,1.2999674294802055,0.09065752758037608
0.955250245175184,0.04474975482481603,1.6874014332758485,0.07904818743730278
0.968106870016959,0.0318931299830409,1.9742426331628709,0.06503907664287246
0.9756846006858091,0.02431539931419101,2.0639320630992897,0.05143601962800891
0.9803236534263648,0.019676346573635126,1.9510666647324393,0.03916039743544291
0.9836763897772418,0.0163236102227582,1.7246419858658637,0.028619558061623553
0.9867953856678162,0.01320461433218379,1.5044933450744078,0.02013209088285321
0.9898831230430021,0.010116876956997966,1.3991287574637876,0.014299479561531712
0.9911072379092568,0.008892762090743151,1.5154725120431816,0.013597657235447204
0.9895849122552243,0.010415087744775777,1.978747258301524,0.020825728105512628
0.9877731976083892,0.012226802391610876,2.884771648454986,0.03570812912921774
0.9875150005718331,0.012484999428166997,4.246280466820795,0.05368506723380953
0.9883349373691701,0.011665062630829871,5.939140462367186,0.0700981447152171
0.9892265579363508,0.010773442063649158,7.740868167754539,0.08430403941198616
0.9898317389313458,0.010168261068654242,9.401013088694949,0.09657394447554285
0.9900714839396383,0.00992851606036176,10.711171984673914,0.10741248970424393
0.9900909745769031,0.009909025423096874,11.5534696988439,0.11562939963142885
0.9900754481684895,0.009924551831510536,11.883259887891052,0.11911822366957095
0.9902083418368754,0.00979165816312449,11.740413908328767,0.11609488107391201
0.9904409987653966,0.009559001234603496,11.225363347163572,0.10833887352014401
0.9908020918330924,0.00919790816690765,10.479605843637627,0.09728527318390574
0.9913210621350456,0.008678937864954446,9.638870732833267,0.08438755452084976
0.9922290596340292,0.0077709403659709094,8.774222396957946,0.06871796219078213
0.9937568035343587,0.0062431964656413,7.852418979609364,0.049332184942909786
0.9957771914693988,0.0042228085306012025,6.806759215842564,0.0288655345077681
0.9974827283669541,0.0025172716330459054,5.619500615376834,0.01418150819927596
0.9979641786968375,0.002035821303162383,4.466382936120981,0.009111306521351857
0.99649728101885,0.003502718981149914,3.703543335680432,0.013018070180919767
0.9944887125488456,0.00551128745115442,3.6707985804908674,0.02034294195308035
0.9943965223246665,0.0056034776753336535,4.491917427187429,0.025312195344211915
0.9955567666504732,0.004443233349526808,6.067463127942618,0.027079474943254425
0.9966894720088274,0.0033105279911726064,8.226008360935772,0.027322884107133998
0.997541093887309,0.0024589061126908678,10.774532146821743,0.026558868721850558
0.9981967661207463,0.0018032338792536916,13.43052409748126,0.02426212635694089
0.9986964152808943,0.0013035847191057907,15.758492143479494,0.020569343436173962
0.9990301047614301,0.0009698952385699889,17.27042354541749,0.01676676356893919
0.9992003904495693,0.0007996095504306162,17.62773636536742,0.014106586111199353
0.9992441585534796,0.0007558414465204688,16.769098595795427,0.0126843671098749
0.9991689571423472,0.0008310428576527885,14.928649264331725,0.012416666127227327
0.9989954096752582,0.001004590324741738,12.489455312867483,0.01255940302336277
0.9988211649587155,0.0011788350412843583,9.802373232215066,0.011569019018895697
0.9988235176861017,0.0011764823138984025,7.13342466288501,0.008402233031970253
0.9990404995100095,0.0009595004899905675,4.770531201450266,0.004581723190953542
0.999026993810518,0.0009730061894820071,3.067048257344588,0.0029871634663780687
0.9982390026435141,0.0017609973564858238,2.3054674121046936,0.004067084142604311
0.9978951750936043,0.002104824906395836,2.4483014905778964,0.005164115514689229
0.9984125352103971,0.0015874647896028968,3.1083540128146288,0.004942248193953475
0.9988266188427652,0.0011733811572348413,3.812786639807752,0.004479107700283901
0.9989422031593762,0.0010577968406238706,4.25608701308315,0.004506842719849888
0.9989858371680227,0.0010141628319774157,4.349577691209616,0.004415658225674127
0.9991175385851281,0.0008824614148720366,4.102767969536411,0.0036237322311606017
0.9993861663461074,0.0006138336538926247,3.579611371086572,0.002198635523906876
0.9996500212166437,0.00034997878335636727,2.875170982310716,0.0010066011313699177
0.999667478516426,0.00033252148357394354,2.1383194589067056,0.0007112736726075325
0.9995125783737943,0.0004874216262056917,1.51179523419851,0.0007372410387690747
0.9982236981436055,0.0017763018563945558,1.0713478884573764,0.0019064236269388311
0.979920932527797,0.02007906747220311,1.3967122219053358,0.02861932836820223
0.9904840403248276,0.009515959675172393,2.5818594835225124,0.02480491328674446
0.9950715531502659,0.004928446849734155,4.217468601275245,0.020888517791512892
0.9970391325625175,0.002960867437482359,6.26748993623302,0.018612315465739396
0.997972837574656,0.002027162425343921,8.664933990064862,0.01760090850311429
0.9984744015847661,0.0015255984152338698,11.174320563930205,0.01707357315980214
0.9988160194651818,0.0011839805348182071,13.38356121085438,0.015864659408130328
0.9991559260811603,0.0008440739188396675,14.875764681908723,0.012566852343100137
0.9994878204818023,0.0005121795181977028,15.448585461202988,0.007916503729420928
0.9996671716425266,0.0003328283574734202,15.080095152449125,0.005020754349555968
0.9996830268566528,0.0003169731433471991,13.87096469891208,0.004398117366958811
0.9996309740433412,0.0003690259566588417,11.969665471582324,0.004418747884202175
0.9995251818142814,0.00047481818571871754,9.585013033361966,0.004553300488468156
0.999197039275917,0.0008029607240829487,7.050935148829511,0.005666173707509019
0.9985508338751168,0.0014491661248832884,4.811923117958445,0.006983396079122657
0.9977316689981673,0.002268331001832596,3.2295729369199093,0.0073423953986053465
0.9973972275367822,0.002602772463217839,2.4327971755470865,0.0063485413055999074
0.9976329447480112,0.0023670552519888225,2.2646844794963723,0.005373352313102977
0.9979113146148816,0.0020886853851184973,2.4740131236009426,0.005178250790603463
0.9982811878973429,0.0017188121026570813,2.9348778806579974,0.005053189103683958
0.9989011074528714,0.0010988925471285655,3.6076606755446132,0.003968792705650119
0.9993782706230343,0.0006217293769655961,4.382521956297516,0.002726437751871707
0.9995652481233909,0.00043475187660901637,5.038070133129515,0.0021912631006110283
0.9995257869418219,0.00047421305817807566,5.326783694072801,0.002527228830731907
0.9994501697172348,0.0005498302827653054,5.1979471577264444,0.0028595610287808853
0.9994069058086563,0.0005930941913437233,4.847904757221712,0.002876970466167952
0.9993481836225246,0.0006518163774753906,4.527890761771909,0.002953278349137664
0.9993340646610704,0.0006659353389295589,4.533937811603874,0.0030213214179584513
0.9995141016551555,0.0004858983448445458,5.51451105563939,0.0026807943881181832
0.9997671944451916,0.0002328055548084876,8.353103156395186,0.0019451016451647717
0.9999088240252214,9.117597477861295e-05,13.272174670771925,0.0012102138054630503
0.999955302995423,4.4697004577004346e-05,19.226665907760687,0.0008594127872569984
0.9999654044883473,3.4595511652820145e-05,24.577316174974985,0.0008502942444908357
0.9999695858102677,3.041418973228009e-05,28.259809644706642,0.0008595253540994259
0.9999633497154536,3.6650284546422174e-05,30.043464183321536,0.0011011418682417744
0.9999422095034499,5.779049655002526e-05,29.7434421563574,0.0017189876324716922
0.9999209289966043,7.907100339574225e-05,26.933683256536977,0.0021298417689632277
0.9999023232630566,9.767673694335728e-05,21.80439024321565,0.0021299897404444506
0.9998496961729699,0.00015030382703005475,15.661497602311904,0.0023543368924945655
0.9997265999356615,0.00027340006433843554,10.167946759880726,0.0027806775357583587
0.9995493750901029,0.00045062490989712564,6.239726495901517,0.002813043817615178
0.999411316623211,0.0005886833767889743,3.790121561721705,0.0022324957925568636
0.9993575875724634,0.0006424124275365131,2.3066413549020575,0.0014827676206053682
0.9992140007799297,0.0007859992200703877,1.3649141900317772,0.0010736653889863415
0.9990229686229247,0.000977031377075226,1.6373613000443423,0.0016013179035884843
0.9993219318106206,0.0006780681893794068,2.6615604937557995,0.00180594405814238
0.9991168658989412,0.000883134101058695,3.7554398101133604,0.003319488514289541
0.9985532568654439,0.0014467431345559815,4.919844292545546,0.0071280634301549555
0.9979277844751445,0.0020722155248554053,6.274242443867813,0.013028580625929483
0.9975499893828567,0.002450010617143329,7.91635599927714,0.019442791292408584
0.9974503290275776,0.002549670972422457,9.796320418905339,0.02504124073324334
0.997505881739152,0.002494118260848,11.70547988148557,0.029267848600051164
0.9975784989226305,0.0024215010773695083,13.411528631281083,0.03255486266483566
0.9976242336730963,0.0023757663269037303,14.857559249464899,0.0353821486822686
0.9976316576630133,0.002368342336986601,16.12972553708541,0.03829139901488271
0.9976228618903235,0.002377138109676621,17.306716689254976,0.04123848537056411
0.9976743769399805,0.0023256230600195776,18.30516408692595,0.042670146394426484
0.9978265570951231,0.002173442904876877,18.83145799189316,0.04101824958449704
0.9979908080065484,0.002009191993451538,18.593672178053506,0.03743346829379073
0.9980749347017784,0.0019250652982215797,17.56462825449158,0.03387827421894655
0.9981410537568219,0.0018589462431779827,15.952906338942798,0.029710826135173635
0.9983578075831027,0.001642192416897304,13.942751317914674,0.022934343089272093
0.9987781231374573,0.0012218768625427308,11.551351613694179,0.014131596338465318
0.999305742114576,0.000694257885423987,8.79427195237871,0.006109734380773619
0.9996888433036799,0.0003111566963201937,5.9319468731028016,0.0018463394926783983
0.9986197405678862,0.0013802594321138087,3.4576119829932037,0.00477899780891791
0.9902613247505555,0.009738675249444429,1.7593804969792395,0.017302539109666816
0.9605134381365952,0.0394865618634049,1.1796653265004287,0.04849586277870338
0.986640485857447,0.013359514142553021,2.2127559293309087,0.029961616774953067
0.9955826799264358,0.00441732007356428,3.366976304434285,0.014939002371849038
0.9971929573797567,0.002807042620243278,4.475236394176762,0.012597541128977324
0.9951059185116093,0.004894081488390684,5.503997439515368,0.027069492281959154
0.9921308803633869,0.007869119636613029,6.4324786830888705,0.051019422254702476
0.9901861348810488,0.009813865118951303,7.0577189507941105,0.06994998151421354
0.9892858000546207,0.01071419994537927,7.180542000694812,0.07776697361610793
0.9884958873551613,0.011504112644838846,6.835313272786417,0.07954935863546407
0.9875814876534016,0.012418512346598487,6.275811531243309,0.0789162656044262
0.9870301832943322,0.012969816705667677,5.716783068125748,0.07511992013474753
0.9870516607551642,0.012948339244835762,5.171372955238496,0.06783909500214737
0.9867515257090473,0.013248474290952597,4.530113023466628,0.06082289650718385
0.9852033633066732,0.01479663669332676,3.8124792552867315,0.057259112729767345
0.9824088109710729,0.017591189028927024,3.1336249261764375,0.05611125206383185
0.9791585619510345,0.020841438048965585,2.5786337096489804,0.05488634507115823
0.9753203507247931,0.024679649275206928,2.1377252142737806,0.05409331251607436
0.9716934538274565,0.02830654617254346,1.7458023365460726,0.050857226888708404
0.9700939594590252,0.02990604054097482,1.3361403385935406,0.04119051226408345
0.9731779680148567,0.02682203198514322,0.9605543046580309,0.026474107645038047
0.9953292508110886,0.004670749188911492,2.557983227032543,0.01200376465694677
0.997511631288955,0.0024883687110449377,6.48544876949805,0.016178445733259824
0.998572020850674,0.0014279791493260435,11.958911127913291,0.017101496319469854
0.9991626174024567,0.0008373825975432817,17.122043150830287,0.014349717172330197
0.999440978289452,0.0005590217105478801,20.62501807770746,0.0115362819179321
0.9994135576077573,0.0005864423922426617,22.478040978034244,0.013189811188513603
0.9992278576213306,0.0007721423786694477,23.005392055168702,0.017777164645896855
0.9992163011456454,0.0007836988543546089,21.73363954106369,0.017045987330029527
0.9992791060648687,0.0007208939351312701,18.080633849696376,0.013043622353822278
0.9980256111236427,0.0019743888763572,12.848346477148473,0.025417817019249254
0.9915970330278082,0.008402966972191842,7.861633057677317,0.06662085578194893
0.9721057167895902,0.027894283210409886,4.4240790796017375,0.12694762787653824
0.9277992623987183,0.07220073760128173,2.552902928739946,0.1986652522259551
0.8407982097519817,0.15920179024801828,1.6007995940335233,0.30310502358659086
0.672232719014737,0.3277672809852631,1.0276255755534165,0.5010497573871816
0.17874492451983887,0.8212550754801611,0.2670228240550715,1.2268535742391617
0.05988373963576973,0.9401162603642302,0.09246785868940471,1.451655124474657
0.10140090312841686,0.8985990968715831,0.16166621716225715,1.4326609749488295
0.3031842780289579,0.6968157219710421,0.6137359274086601,1.4105640508047241
0.6035971592188067,0.3964028407811932,3.664868153430073,2.4068439105784014
0.6684026429371319,0.331597357062868,6.340746814279321,3.145671112520698
0.7134341615787367,0.2865658384212632,9.24864307787549,3.714912041786076
0.7415313955019825,0.25846860449801756,11.9934176739838,4.180432478193251
0.7571338390895209,0.2428661609104791,14.468562735465808,4.641087353433593
0.7731008266654273,0.2268991733345726,16.729712041761672,4.9100423922375835
0.8001095646230084,0.1998904353769917,18.683092651549085,4.667575153993388
0.8375325940381532,0.16246740596184692,19.917966208043396,3.8637544674579205
0.8771606523866518,0.12283934761334818,20.068684611230626,2.8104590856806255
0.9123861508973928,0.08761384910260722,19.182394893150196,1.8420308659245423
0.9408884991588561,0.059111500841144,17.67829380339192,1.110642206768817
0.9628449584093763,0.037155041590623716,15.909297956631345,0.6139208832051005
0.9778865978427566,0.02211340215724345,13.922603341399597,0.3148382720893543
0.9832458753970781,0.016754124602921958,11.587053944255405,0.19743886083878537
0.9722198735617105,0.02778012643828942,8.84393685944293,0.2527058856218477
0.9312103691251582,0.06878963087484183,6.0576104308253775,0.44748297413348836
0.8569408896147287,0.14305911038527133,4.368705830042844,0.7293188796975988
0.8339610631615555,0.16603893683844442,5.27569784377709,1.0503742917454744
0.8710589683297596,0.12894103167024037,9.300701177281947,1.3767632831504844
0.9010749252364276,0.09892507476357251,15.289045938777868,1.6785174797317186
0.9189674045079733,0.08103259549202674,21.669992368708247,1.9108139389002738
0.9318228352727118,0.06817716472728814,27.741939559103734,2.0297493381582026
0.9433803451770532,0.0566196548229468,33.58801871541825,2.015880482963359
0.9533958128735681,0.0466041871264318,38.636650990619984,1.888648647698934
0.9605446636755915,0.039455336324408445,41.098487293110715,1.6881616231869088
0.964711162223793,0.03528883777620693,39.64731666190434,1.4502866564938577
0.9668791342026012,0.03312086579739877,34.99571294841632,1.1987933869363143
0.9681984600405376,0.03180153995946244,29.01016235762609,0.9528705895771741
0.9695399906339215,0.030460009366078504,23.139392866018166,0.7269696250109723
0.97065738154163,0.02934261845837018,17.775695299207786,0.537352782676519
0.9707349160861571,0.029265083913842797,12.823338117777807,0.38658964445762145
0.9689244895545773,0.03107551044542268,8.37478902268702,0.2685976529217062
0.9659116480438157,0.034088351956184315,4.963306363002097,0.175161915182443
0.9699842475139276,0.030015752486072342,3.3550357608468864,0.10382016330430724
0.9847349495465363,0.015265050453463744,3.834794857156143,0.05944577980108081
0.9918042827180525,0.008195717281947366,5.7606815789563885,0.04760305878399829
0.9928263276383783,0.007173672361621749,8.100213959783138,0.05852814272637219
0.9925815553184554,0.007418444681544608,10.328959212427744,0.07719749790307338
0.9928500364527413,0.007149963547258708,12.548513203552563,0.09036753657002666
0.9934034118017278,0.006596588198272196,14.846392083300472,0.09858586515824097
0.9937497738711297,0.006250226128870328,16.79054334234875,0.10560474626068916
0.9937666626546451,0.006233337345354997,17.78361800471026,0.11154659781821555
0.99348968734646,0.006510312653540067,17.842670830662545,0.11692256815676803
0.9928060547585598,0.007193945241440158,17.492116517993836,0.12674915486684948
0.9916853165052649,0.008314683494735044,17.033071390332818,0.1428120344192795
0.9902356377884243,0.009764362211575693,16.407441057101025,0.16178795362729936
0.9887998685296453,0.0112001314703547,15.401754982512813,0.1744556064058197
0.9874303328897855,0.012569667110214412,13.82670698589866,0.17600948467381244
0.9859643940487879,0.014035605951212195,11.701631502477762,0.1665775049752375
0.9846361661965809,0.015363833803419038,9.265848163482074,0.1445802582910939
0.9842941264954715,0.015705873504528445,6.84350752329167,0.10919831846482345
0.9857353648554122,0.014264635144587708,4.689846264184939,0.06786704447051932
0.9885947024318351,0.011405297568164831,2.939731188850825,0.033915323334003454
0.9909108807928213,0.009089119207178692,1.645033752738944,0.015089054089822746
0.9848620358946918,0.015137964105308125,1.1642949509340743,0.017895963630296836
0.9905382148393347,0.009461785160665365,1.6129160600277312,0.01540684146612615
0.9948002605036249,0.005199739496375158,2.2040621308423396,0.011520452264863418
0.9973696297456823,0.0026303702543176437,2.807840388615636,0.007405138092052712
0.9984096352948413,0.0015903647051587427,3.257080907041599,0.005188197642819911
0.9978846324505755,0.002115367549424638,3.4736375460035207,0.0073635968571174725
0.9955776522417017,0.004422347758298391,3.468412090375247,0.015406658032338191
0.9914289443153858,0.008571055684614264,3.284580160927526,0.028395700590856974
0.9857263211621587,0.014273678837841189,2.939807239615878,0.04256948757740888
0.9786925722672496,0.021307427732750434,2.4543675286843003,0.053434817254104566
0.9703903326766099,0.02960966732339007,1.9545949763310466,0.05964085281177161
0.9632199568178784,0.03678004318212157,1.6243308674056354,0.06202421266540287
0.9615416517571649,0.03845834824283511,1.540969223508855,0.0616334517812043
0.9652041970950176,0.034795802904982444,1.6161235562800722,0.05826157501559726
0.9707888583646759,0.029211141635324102,1.7237360260982415,0.05186740326324559
0.9766185232347646,0.023381476765235377,1.8097957465874237,0.04332878825449391
0.9817492735669384,0.018250726433061554,1.8629882482411986,0.03463296564827089
0.9852960604055397,0.014703939594460275,1.8705148579192437,0.027914388970625346
0.9866972524077827,0.013302747592217298,1.792779911141252,0.02417043179973663
0.9870278702427298,0.012972129757270315,1.5931285906018546,0.020937879689478463
0.9881259269312157,0.011874073068784269,1.3221283056175022,0.01588769981571689
0.991499876549908,0.008500123450092111,1.085225033336329,0.00930362874737564
0.9961154729122542,0.0038845270877457564,0.9278533859212661,0.0036183271007027796
0.9984653904987192,0.001534609501280914,1.016107105389074,0.0015617242551294224
0.998496004847165,0.001503995152834888,2.0715764748388565,0.003120333944011444
0.998993519511335,0.0010064804886649853,5.122425319103845,0.005160815398325549
0.9994577240797095,0.0005422759202904459,10.270044002776622,0.005572219243347314
0.99965856696273,0.0003414330372700114,16.025732678842335,0.005473583445234871
0.9996646814281291,0.00033531857187077635,20.520437270456164,0.006883191781731376
0.9995245710551528,0.00047542894484721345,23.13639590871664,0.011004944363535395
0.9993190737989467,0.0006809262010532509,24.239610207684176,0.016516632301417186
0.9991426590550491,0.0008573409449509439,23.75392296624591,0.02038268567316887
0.9989423252972309,0.0010576747027689966,21.030583607465033,0.022267067580168505
0.9985120709011837,0.0014879290988162289,16.11987309496392,0.024020969747090122
0.9976445916570615,0.002355408342938535,10.515994028156163,0.024827940005237147
0.9961589378763068,0.0038410621236931006,6.071442919607544,0.023410711431637966
0.994038736529243,0.005961263470757022,3.4336228304215477,0.020591481598410677
0.990962084079096,0.009037915920904041,2.0714357543642428,0.018892208374346
0.9843883249198551,0.015611675080144905,1.3114766862691096,0.020799056005550872
0.9524802233009229,0.04751977669907716,1.138150436111295,0.056782968560260313
0.980297047399609,0.01970295260039101,2.8786106923905788,0.05785708543915476
0.9902104478577529,0.009789552142247134,5.434337561249576,0.05372568127262092
0.994405472009011,0.005594527990989037,8.4154783879734,0.04734550515290593
0.9965927272689223,0.003407272731077532,11.37059113971773,0.03887516341079782
0.9979927724201294,0.0020072275798706436,13.959875301661853,0.02807700365314341
0.998917502094663,0.0010824979053370497,15.930063689103251,0.017262947680043654
0.9993254149354197,0.0006745850645803966,17.144519342869692,0.011573243825543068
0.999139117211721,0.0008608827882789234,17.72069802891412,0.015268588394330405
0.9984472380568096,0.0015527619431904044,17.968809886541592,0.027944675585008474
0.9975704750257207,0.0024295249742792204,18.02121703317115,0.0438896277958372
0.9968304724208931,0.003169527579106907,17.47545755363573,0.055565059662796526
0.9962218451727232,0.0037781548272768453,15.8443746484451,0.060089528103880185
0.9956071362627075,0.0043928637372925294,13.657123517291309,0.06025859043160134
0.9954391359647855,0.004560864035214566,12.71888635037956,0.058274895197087874
0.9963980974755332,0.003601902524466808,14.570341850808216,0.05267066569851533
0.9978343270976301,0.002165672902370016,18.803464157487923,0.040810535066482134
0.9989687225860523,0.001031277413947728,23.628546011513674,0.024392741509481716
0.9996210939096503,0.0003789060903496904,28.049805484059487,0.010632270763180702
0.9998669470972138,0.00013305290278610947,32.37912539766511,0.004308709910195599
0.999921390126161,7.86098738390929e-05,36.626633281204455,0.002879441373909333
0.9999358439265076,6.415607349246615e-05,39.144335326771866,0.002511507982528819
0.9999454702153174,5.4529784682577344e-05,38.0160054592815,0.002073117638844773
0.9999572334885939,4.276651140600201e-05,32.980942135741216,0.0014105401619107921
0.9999692517535594,3.0748246440463086e-05,25.818608824864796,0.0007939013579714622
0.9999434032979031,5.6596702096968066e-05,18.980562775885886,0.0010742980587868111
0.9998520205089046,0.00014797949109534144,14.14972283101515,0.002094178679168962
0.9997463859539067,0.00025361404609330646,11.588659076124083,0.0029397922897090147
0.9997084790441445,0.0002915209558554893,10.65226666492701,0.0031062645013836703
0.9997007266775849,0.000299273322414974,10.622587212490412,0.0031800086594816553
0.9996393266699306,0.0003606733300694597,11.423017544771309,0.004121464279561003
0.9995101243517732,0.0004898756482267241,13.238459797306014,0.006488377572898173
0.9994694563637665,0.000530543636233441,15.697290792831138,0.0083325185009068
0.9995527587440068,0.0004472412559930877,17.84914327461406,0.007986445124287273
0.9996399147444245,0.00036008525557548634,18.997722745581274,0.006843264008664394
0.9996426087253918,0.000357391274608161,19.09674028437929,0.006827448421589043
0.9996011045891833,0.0003988954108166571,18.426322522492015,0.007353108613730927
0.9996003354985655,0.0003996645014345544,17.284882586443388,0.0069109160290749235
0.9996839712020444,0.0003160287979555715,15.82428610859607,0.005002511054960123
0.9997801623505249,0.00021983764947513805,14.045303533304017,0.003088365453928518
0.9997951549007391,0.00020484509926081205,11.888284169493048,0.0024357557033593737
0.9997294121428866,0.00027058785711339103,9.347965311718175,0.0025301305246650196
0.9996480073996037,0.0003519926003962854,6.701150111974474,0.002359585810304982
0.9996038779787735,0.00039612202122655876,4.408125896307482,0.00174684770471002
0.999596359876932,0.00040364012306797045,2.742951040905469,0.0011076121724340941
0.999375206579842,0.0006247934201579414,1.6802154219991434,0.0010504438505190134
0.9982334787253165,0.0017665212746834809,1.0848757786580845,0.0019198475950090467
0.9961257456924645,0.003874254307535486,0.9847334176741522,0.0038299458694806884
0.9972752915978729,0.002724708402127172,1.3925509054357676,0.003804661746257918
0.9980886544194001,0.0019113455805999297,2.016324814153772,0.00386127375110645
0.9985843804043686,0.0014156195956313354,2.7456887270229693,0.003892360867795492
0.9989547997147116,0.0010452002852884095,3.452073714817381,0.0036118835733049926
0.9990524002986778,0.0009475997013222189,4.013116486907739,0.003806434960997189
0.9988791770833266,0.0011208229166733484,4.396604895733244,0.0049333449287480525
0.9985951267643094,0.0014048732356905398,4.717416268619721,0.006636695573379448
0.9983778517368695,0.0016221482631304468,5.1685513156643355,0.00839777898219561
0.9982903546962009,0.0017096453037990737,5.923256983802078,0.01014401114657071
0.9982679578478032,0.0017320421521968428,7.034502079331114,0.012205194031656399
0.9983202342905771,0.0016797657094228865,8.515520411427392,0.0143281471152101
0.9985671792490668,0.0014328207509330955,10.436409495959417,0.014974960525230816
0.998961655524213,0.0010383444757869778,12.8833014910665,0.013391209621681813
0.9992960066956548,0.0007039933043452395,15.860057956518677,0.011173240494412496
0.9995052204366367,0.0004947795633632007,19.075145642819933,0.009442664269548179
0.9996235347205503,0.00037646527944974555,21.92205897888465,0.008256002157759072
0.9997012482629051,0.0002987517370950051,23.758527982608133,0.007100022649724484
0.9997665275083801,0.0002334724916199034,24.263121909949827,0.005666094403971704
0.9998154087788925,0.00018459122110743153,23.49171515079178,0.004337164988173916
0.9998144628225154,0.00018553717748459974,21.613321844915685,0.004010818887187629
0.9997520910080407,0.0002479089919593366,18.66883842618551,0.004629320565482222
0.9996570760645317,0.0003429239354682229,14.78616960477523,0.00507227087446017
0.9995781494072978,0.0004218505927022193,10.52625672245356,0.004442381658638461
0.9994108239517245,0.0005891760482755087,7.04955501163928,0.004155877507345333
0.9989462714386068,0.0010537285613932397,5.549845905387809,0.005854199879455544
0.9985695307166927,0.001430469283307279,6.294032694006991,0.009016318002860386
0.9986358731575247,0.001364126842475427,8.403161148744324,0.011478636000131562
0.9988017203646506,0.0011982796353492541,10.797944681116878,0.0129544803049461
0.9989798314325096,0.0010201685674903827,13.136926042074235,0.013415565159460777
0.9991267768197583,0.0008732231802416706,15.58225687562885,0.013618680051384426
0.9992808960312363,0.0007191039687637193,18.000696352396528,0.012953687235420064
0.9994707223030977,0.0005292776969022892,19.721790597537343,0.010443831593386368
0.9996686355625323,0.00033136443746776916,20.09713604552212,0.0066616836254848105
0.999799144720378,0.00020085527962187107,19.138820609108805,0.0038449054346315708
0.9998639435567455,0.00013605644325450543,17.40071170641002,0.002367801099467111
0.9998584703217916,0.00014152967820839414,15.326165103835663,0.0021694142518155412
0.9998265612731625,0.0001734387268375459,13.01483769679882,0.0022576684472712014
0.999782612898249,0.00021738710175091706,10.394457068020262,0.002260112215535427
0.9996982555807951,0.00030174441920499554,7.51996656363115,0.0022697928405062415
0.9995307710332014,0.0004692289667985783,4.788406673012199,0.0022479139021066696
0.9993050921240965,0.0006949078759036197,2.7479309130603315,0.001910886724159227
0.9993015857778151,0.0006984142221848142,1.6333241522183413,0.0011415340809845123
0.9996547384245354,0.000345261575464608,1.2705562273095334,0.00043882575442858655
0.9998966644281927,0.00010333557180725969,1.3978452355541713,0.00014446206478411282
0.9993350953859552,0.0006649046140446716,2.0357931003263534,0.0013545088448279898
0.9980134015841152,0.0019865984158847225,3.6623359058297487,0.00729007315674399
0.9973838124131273,0.0026161875868726376,7.031891063921318,0.018445001698154134
0.9975892257272313,0.0024107742727687443,12.36127512236148,0.02987225931783829
0.9980622763573526,0.0019377236426474272,18.79402451684171,0.036488329946397426
0.998448099461923,0.001551900538076944,24.778330010123266,0.038513272443586696
0.9986771964994311,0.0013228035005689426,29.27233456709618,0.038772835477676945
0.9988244461334113,0.001175553866588736,31.929703717852863,0.03757926311261026
0.9990249753755386,0.0009750246244614769,32.415912299782455,0.03163715972645287
0.9993213587230092,0.0006786412769907488,30.203437452155256,0.020511219121978428
0.9996272898153606,0.00037271018463932954,25.328987038771732,0.009443891270406905
0.9997544243294684,0.00024557567053166664,18.976683627211468,0.004661356521973226
0.9994424890836144,0.0005575109163856014,12.95348013638035,0.0072257350073616075
0.9982023462001143,0.0017976537998856492,8.345917002256444,0.01503008830799603
0.995320579607051,0.0046794203929490415,5.1982039889178475,0.024438941835257227
0.9895923610853585,0.010407638914641455,3.0913135281786066,0.032511644428967146
0.9790415828324948,0.020958417167505208,1.760776738477522,0.03769308073420709
0.9733797450887671,0.026620254911232804,1.4652545373263426,0.04007218096562162
0.9847874318547744,0.015212568145225563,2.5526317681732653,0.03943194588690684
0.9925820572995645,0.007417942700435463,4.719505155327614,0.035270654510797965
0.9962206192103517,0.0037793807896483477,7.207541440975053,0.027343384725571275
0.9981391413130659,0.0018608586869340907,9.62204972833019,0.017938656127161192
0.9991507226004871,0.0008492773995128864,12.135666802757958,0.010315308101640878
0.9994967532016903,0.0005032467983096825,14.753818140534419,0.007428550136139355
0.9992997323840276,0.0007002676159724409,16.55402327911915,0.011600369779711092
0.9985717301327993,0.0014282698672006319,16.213931195297604,0.02319099235067284
0.9971876721990287,0.0028123278009712397,13.899396434721357,0.03919990198423301
0.995394552367923,0.0046054476320770065,11.787183113466394,0.05453641918135261
0.9944862944432312,0.005513705556768729,11.888833718392974,0.06591496424121376
0.9947607642503763,0.005239235749623707,14.003846934797206,0.0737558799359533
0.9952298688200063,0.004770131179993713,16.49731188992787,0.07907152337130903
0.9956302236837862,0.004369776316213875,18.407914893296727,0.08079151136452051
0.9961787928684911,0.003821207131508923,20.026773305075576,0.07681999408370244
0.9969019040370756,0.00309809596292439,21.395417365520803,0.06649105182443026
0.9975061134654462,0.0024938865345538568,21.261565243340428,0.0531564975373374
0.9977527971901053,0.002247202809894699,18.595177812416306,0.04188125149659854
0.9976755105489532,0.0023244894510467073,14.468390298524314,0.03370997911339037
0.9976518311877752,0.0023481688122247344,11.18463595651924,0.026325229411865447
0.9982098940645305,0.0017901059354694891,9.891149694693052,0.017737958602063925
0.9991280815080823,0.0008719184919176502,10.256256175369177,0.00895042345687152
0.9997265377234644,0.0002734622765355125,11.569888622901804,0.0031647935337255507
0.9998888238230209,0.00011117617697918111,13.524513575371824,0.0015037708983124023
0.9999038058599224,9.619414007749788e-05,15.856464145927177,0.0015254456721218064
0.9999183631384578,8.163686154219539e-05,17.915870957483538,0.0014627148882167282
0.999932168200613,6.783179938691066e-05,18.936493098915353,0.0012845835365899944
0.9999243293579266,7.56706420733087e-05,18.764442410973636,0.0014200248595788844
0.9999150667853818,8.493321461822802e-05,17.76583695102168,0.0015090378100657594
0.999922431833406,7.756816659404204e-05,16.402084324393655,0.0012723783054164578
0.9999401700510135,5.982994898644681e-05,14.848931099008087,0.0008884639469095374
0.9999412889644931,5.871103550691972e-05,12.997727867215376,0.0007631548679339104
0.9999338260567657,6.61739432342271e-05,10.682279817173571,0.0007069353589340861
0.9999213692057941,7.863079420593405e-05,7.9988062269914115,0.0006290019452502175
0.9999069869939923,9.301300600767008e-05,5.3840933833048155,0.0005008372945894781
0.9998676300058086,0.00013236999419137356,3.3010354902360435,0.00043701589645973903
0.9998529865202871,0.00014701347971285983,1.926452343632653,0.0002832561050040769
0.9997902735222179,0.0002097264777819165,1.1151417757257314,0.00023392381686861068
0.9981328958115179,0.001867104188482127,1.555974301589566,0.002910600530109196
0.9985838108587008,0.0014161891412992245,2.4986731263311226,0.0035436121742484675
0.9989125599162141,0.0010874400837858871,3.494637147427324,0.0038043455102000053
0.9992652449888554,0.0007347550111446328,4.432397505370145,0.003259120933893788
0.9994556617908227,0.0005443382091774106,5.218759291903959,0.0028423172689750805
0.9993944247763009,0.000605575223699011,5.822627784292549,0.003528175698777074
0.9992541069270717,0.0007458930729283746,6.2612917854678445,0.004673740280863962
0.999253987740662,0.0007460122593380009,6.599202048740393,0.004926761054354163
0.9993675590286283,0.0006324409713717134,6.926196845562023,0.0043831827652847195
0.9994419452970172,0.0005580547029827477,7.42643369601566,0.004146670319324507
0.9995095562922841,0.000490443707715749,8.360016497406841,0.004102129351081515
0.9996726460179205,0.0003273539820796224,10.124827913090003,0.0033154880734443046
0.9998415690320847,0.00015843096791534565,13.04478855669548,0.0020670259582115554
0.99992050485102,7.949514898010386e-05,17.06456409168414,0.0013566579124718282
0.9999284691433408,7.153085665922191e-05,21.46921425492033,0.0015358211460570828
0.9999212213358478,7.877866415226178e-05,25.183843565221878,0.0019841058594968607
0.9999170520567504,8.294794324952049e-05,27.389231087806237,0.0022720688493573296
0.9999175516177503,8.244838224965723e-05,27.881012046182814,0.002298933882070454
0.9999044032347059,9.559676529418317e-05,26.732905391401292,0.0025558236108032483
0.9998011726966424,0.0001988273033575991,23.966583307584198,0.004766158772238273
0.9994233745130858,0.0005766254869142304,19.650868516748407,0.011337729250407089
0.9984029232489878,0.0015970767510121073,14.368169472232683,0.022983776273441496
0.9961633361191946,0.0038366638808054313,9.387991680328488,0.03615729196934472
0.9927837677157568,0.007216232284243105,6.216385625177416,0.045184947718195916
0.9914819640590031,0.008518035940996862,5.615289251045288,0.048242164147577656
0.9931752758394944,0.0068247241605055705,6.999863322509046,0.04810040835640442
0.9949791225842392,0.005020877415760864,9.105714004054269,0.04594938000165202
0.9965413526371513,0.003458647362848654,11.257515232863124,0.03907090786482136
0.9980219879963513,0.001978012003648637,13.534293730861103,0.026824053760875283
0.9991213732048261,0.0008786267951738821,16.053231620646805,0.014117203204040913
0.9996390059562977,0.0003609940437022631,18.32215598432794,0.006616577723273957
0.9997487832839285,0.0002512167160715844,19.509979888336602,0.00490246465924293
0.9997301919382128,0.0002698080617871216,19.32094758518337,0.00521435429467461
0.9997189626664407,0.0002810373335593559,18.159151531278393,0.005104834175035589
0.9996861476329443,0.0003138523670557312,16.440867106707955,0.005161625046127584
0.9995738903723875,0.0004261096276124408,14.328965710928085,0.006108313054155845
0.9993513636255467,0.0006486363744533484,11.847780508233907,0.007689889336118818
0.9989581494009945,0.0010418505990055277,9.0677993897126,0.009457145158181966
0.9982829095425677,0.0017170904574321806,6.243571534899459,0.010739217310435093
0.9970959500466149,0.002904049953385207,3.789522466648448,0.011037014584311701
0.9947270582581774,0.005272941741822712,2.0648597085976585,0.010945600462038069
0.9911361404623154,0.008863859537684725,1.203069130776876,0.010759203861092723
0.9915847795202444,0.008415220479755743,1.147140327104154,0.00973536400838179
0.9963094205934937,0.0036905794065063297,1.9956825802537004,0.007392507669174015
0.998971397844158,0.0010286021558420888,4.283357441570423,0.00441040725305022
0.9997528746258166,0.0002471253741834354,8.596288879428686,0.0021248862192197403
0.9999030903717512,9.690962824878247e-05,14.735428529290669,0.0014281433016965154
0.9999324981487088,6.750185129118434e-05,21.591084877153417,0.001457536587010897
0.9999345836048876,6.541639511244322e-05,27.565175086332626,0.001803332352292888
0.9998984148149681,0.00010158518503185762,31.592398115235973,0.0032096456605846735
0.9997703870616468,0.00022961293835318177,33.38386837143003,0.0076671285822824085
0.999426734637196,0.0005732653628040126,32.71517464251632,0.018765233919269583
0.9986254605366821,0.0013745394633178085,29.364944429100913,0.04041883223590311
0.9971314432080038,0.0028685567919960425,23.802196023239322,0.0684743736966295
0.9946388685124008,0.005361131487599247,17.262889073064937,0.09304745783256867
0.9906696597475934,0.009330340252406715,11.355237261827996,0.1069460705263309
0.9846446057974346,0.015355394202565374,7.090907695928477,0.11058170865294555
0.9764352169669094,0.023564783033090505,4.419365735357941,0.10665468931065153
0.9670259313583497,0.032974068641650305,2.783419135946283,0.09491023008892267
0.9597983159104551,0.04020168408954495,1.7580579798876657,0.07363723226738954
0.9666026702322066,0.03339732976779342,1.4114758417619317,0.04876825359407784
0.9862839928859009,0.013716007114099222,2.3323170783800307,0.032434955722835515
0.9933953377318722,0.006604662268127797,4.864295810486961,0.03234062993881976
0.9947304249809389,0.005269575019061049,8.13919661363683,0.043117317087459944
0.9948484696677903,0.005151530332209657,10.489205977677457,0.05431526951319966
0.994577681562153,0.0054223184378471324,11.137412176539652,0.060719837690204795
0.9944040338979828,0.00559596610201731,11.074125473022058,0.062319166700881945
0.9947852310846897,0.005214768915310316,11.450112878090597,0.06002269720908017
0.9954689713603694,0.004531028639630722,11.604462599520026,0.052819478957837146
0.9959746651929517,0.0040253348070481325,10.097369484223535,0.04080956500695363
0.9960815967420885,0.003918403257911441,7.192378517863716,0.028293504777828625
0.996072098937756,0.003927901062244006,4.849958710273574,0.01912528017825101
0.9967014805256882,0.0032985194743117598,4.2741181157234545,0.014144919131440118
0.9972077653895381,0.002792234610461839,4.501416396823048,0.012604204555506966
0.9968299890701205,0.003170010929879515,3.99343742519231,0.012699497832582798
0.9949622105657588,0.00503778943424109,2.757693160611884,0.013963020223159796
0.9919545462677315,0.008045453732268481,1.9427625554363381,0.015757179914499878
0.9924103428085556,0.007589657191444427,2.201837316292875,0.01683899260330124
0.9947913165324896,0.005208683467510329,3.312640324057102,0.017344838664120725
0.9964036979555148,0.003596302044485142,4.923929055753705,0.01777184906724165
0.9974194700150957,0.0025805299849043593,6.973165263694629,0.018041017439117325
0.998071120656858,0.0019288793431419548,9.441761442861324,0.018247215286645663
0.9984591417393429,0.0015408582606571668,12.12466859655277,0.018711227113593885
0.9986767098557929,0.0013232901442071635,14.708272446232076,0.019489101702615214
0.9988536050788669,0.0011463949211329896,16.8917704201938,0.0193868648220233
0.9990694582873472,0.0009305417126528207,18.482216650411818,0.017214492338677972
0.999204742507705,0.0007952574922949986,19.42234076893657,0.015458055148576627
0.9991530121229274,0.0008469878770725167,19.61100920538279,0.016624367692015887
0.9990014477600414,0.000998552239958599,18.902789223274592,0.01889428945542425
0.9989493818587982,0.0010506181412017316,17.347528000926577,0.01824479593637175
0.9990676462832004,0.0009323537167995358,15.200426640375404,0.014185400085586775
0.9992133787418387,0.0007866212581612943,12.793173737915513,0.010071304723988438
0.9990996871583315,0.0009003128416684205,10.331035890973643,0.00930954578400036
0.9985998536133307,0.0014001463866692699,7.845310809446064,0.010999985171634752
0.9977502962972529,0.002249703702747222,5.436159574904476,0.012257323670835412
0.9963753210192638,0.003624678980736138,3.380317509740899,0.01229713900705422
0.9939151569118888,0.006084843088111132,1.891936077087483,0.011582612541680373
0.9890678576759963,0.010932142324003689,0.9890839146211505,0.010932319801017377
0.9952968859979193,0.004703114002080752,1.0150408948230758,0.004796411113394123
0.9981538439394309,0.0018461560605690687,2.3936849310264203,0.004427289409682859
0.9993101322128956,0.0006898677871044733,4.6915800471390785,0.0032388042918930493
0.9997276157198786,0.00027238428012144543,7.76812020509356,0.002116490328655819
0.9998762949307208,0.0001237050692791779,11.158731462464145,0.0013805624312030653
0.999934169981403,6.583001859694759e-05,14.332511032508311,0.0009435715831458447
0.9999058902864656,9.410971353435116e-05,16.881245210473043,0.0015888386760134075
0.9997587055769717,0.00024129442302825687,18.46426364156744,0.004456399146294426
0.9995133759388909,0.00048662406110912466,18.7195146637479,0.009113801242637647
0.999188033271156,0.0008119667288439121,17.38951792102497,0.014131184033781835
0.9987947359421152,0.0012052640578848121,14.653542255579938,0.017682700124252954
0.9983125162376031,0.00168748376239701,11.255363853562846,0.019025348709779233
0.9976496522742136,0.0023503477257864245,8.112466246105088,0.019112036523630686
0.9968600500699725,0.0031399499300275007,5.726717922929693,0.018038246732957293
0.9963127104313272,0.0036872895686728495,4.02995862721954,0.014914618927120468
0.9963346248352101,0.0036653751647899553,2.782352810791261,0.01023588525194995
0.9972503023055779,0.0027496976944221666,1.9690857021246337,0.0054293194022945294
0.998729867989515,0.0012701320104849905,1.641890664341083,0.002088070015062341
0.9994544510153176,0.0005455489846823617,1.6251751285234037,0.0008870965959442022
0.9994003828754088,0.0005996171245911839,1.5297838320709454,0.0009178349321753432
0.9988876284742008,0.001112371525799295,1.135157030608314,0.0012641225320693624
0.9252755118791766,0.07472448812082344,2.166446737385785,0.17496045384730782
0.958762253236392,0.04123774676360804,5.888161458431691,0.25325831331636167
0.9735245843206368,0.02647541567936315,11.224414819520996,0.30525274131808366
0.9793036053344374,0.02069639466556265,16.413710497552486,0.34688387598412246
0.9796886952782279,0.020311304721772176,20.029582379472053,0.4152614530718436
0.9745437941970911,0.025456205802908864,21.998281388740093,0.5746204343781548
0.962573460963555,0.03742653903644496,22.601498060157986,0.8787857589423663
0.9444921698179468,0.05550783018205329,21.46360104274738,1.2614164096308056
0.9215559870822899,0.07844401291771001,18.08077135826777,1.5390581601890991
0.8912844758367248,0.10871552416327533,13.102527597500135,1.5981969777817087
0.8405005166597501,0.1594994833402498,8.200680821215471,1.5562207614343049
0.7430574725010811,0.25694252749891894,4.68404344537429,1.6196996952580456
0.5970812268727881,0.4029187731272119,2.708525404236779,1.8277508716439355
0.6127215133057707,0.38727848669422926,4.066703780854365,2.570412253987599
0.6878953948718285,0.3121046051281715,6.836063570899799,3.101586283804523
0.7312548930092756,0.2687451069907244,9.942962830682477,3.6541603143880277
0.7634717253268267,0.2365282746731733,12.676712733511192,3.9273242111242483
0.7969295675195849,0.20307043248041518,14.87251379139937,3.789754993142713
0.8337623342200164,0.16623766577998347,16.741306151991694,3.337924421134594
0.8710705808333032,0.12892941916669676,18.45259748515256,2.731216882105738
0.9051725299833001,0.0948274700166999,19.831346668361366,2.077566838688216
0.9336433849022562,0.06635661509774382,20.259509332994295,1.4398993069708221
0.9554666613983498,0.04453333860165013,19.043942320840593,0.8876189677231513
0.9709517902575222,0.029048209742477828,16.558404556844643,0.4953819678734533
0.9801905925454738,0.019809407454526237,14.642193611168484,0.2959150816969721
0.9831609302205354,0.016839069779464574,15.109258400655012,0.2587835304516425
0.9820421748789402,0.017957825121059694,17.996264440619967,0.3290833916545766
0.9788078696878661,0.021192130312133822,21.761678052156892,0.4711612272172237
0.9743691821528782,0.02563081784712187,25.468827602632942,0.6699584644297715
0.9704312029434843,0.02956879705651569,29.60124366048577,0.9019425218011557
0.9684837908925163,0.031516209107483734,34.365946630225196,1.1183298784759996
0.9678541406837233,0.03214585931627668,38.15268910393418,1.267185751363636
0.966917872430071,0.03308212756992888,38.820723193332775,1.3282122025638865
0.9643868789617828,0.03561312103821718,35.559866607352184,1.3131636910633206
0.9598000200184955,0.04019997998150451,29.654225653254404,1.2420288109650932
0.9533200150338706,0.04667998496612926,23.052455389979016,1.1287796899956553
0.9455882036011924,0.054411796398807465,17.08287546474491,0.9829965498236163
0.936874007735535,0.06312599226446508,12.169408205315873,0.8199672121213768
0.926338452362688,0.07366154763731197,8.278691662051576,0.6583136419344786
0.9097894718627253,0.09021052813727469,5.229258070975416,0.5185091133039367
0.8824957743372579,0.1175042256627421,3.039893441518518,0.40476151312014397
0.8439065980198172,0.15609340198018293,1.6741647944686882,0.30966232383685505
0.8272165600224631,0.17278343997753692,1.069000768690518,0.2232857018094068
0.9015574086931787,0.09844259130682126,1.3197580237480786,0.1441066298196715
0.9691632602992704,0.0308367397007297,2.6334581279615663,0.08379110737198761
0.9884909379851884,0.011509062014811586,4.982273671765412,0.05800892497809663
0.9921348629139353,0.007865137086064738,7.901292291711448,0.06263739875933381
0.9923273498007122,0.007672650199287772,10.855483064442017,0.08393432299783248
0.9922370985341078,0.007762901465892183,13.578361260179884,0.10623215024593309
0.9925186481426397,0.007481351857360409,15.961805970161706,0.12031601317029754
0.9929841040753383,0.007015895924661631,17.818570661410416,0.12589651412707792
0.9934841413320757,0.006515858667924166,18.88971017522205,0.12388993106096804
0.9939241329757824,0.006075867024217623,19.126668125967832,0.11692149158486505
0.9942584063336417,0.005741593666358216,18.82858952824418,0.1087303961356183
0.9943346708328167,0.0056653291671833585,18.307755696675308,0.10431041517155432
0.9939485524077017,0.006051447592298226,17.58582361574107,0.10706760397232908
0.9931158009323483,0.006884199067651647,16.48964190798108,0.11430487496247761
0.9921037979102575,0.007896202089742507,14.879024410705673,0.11842287459499422
0.9909816452588995,0.00901835474110047,12.765178194339978,0.11616855452438
0.9895518206187293,0.010448179381270684,10.288241361774162,0.10862835985528628
0.9876235495203423,0.012376450479657774,7.685041789457071,0.09630545888411599
0.9854679227524916,0.014532077247508374,5.239835794497463,0.07726857137796575
0.9841913751692781,0.01580862483072181,3.2352845261437646,0.05196692491401837
0.9865620062870107,0.013437993712989212,1.971380575542076,0.026852240012511273
0.9944070391093195,0.005592960890680447,1.7675763219399512,0.009941588153637484
0.9985552160275111,0.0014447839724889087,2.725470864990932,0.003943414004575079
0.9991537730091998,0.0008462269908003063,4.575940345734631,0.0038755638355749632
0.99933485301837,0.0006651469816299453,6.7757340192892626,0.0045098587501928595
0.9994861926595761,0.0005138073404239078,8.89871877562172,0.00457457747877042
0.999580358225358,0.00041964177464200424,10.738713083605948,0.004508304488671963
0.9996250967298119,0.00037490327018811667,12.075150393676404,0.004528711199240941
0.9996096432923998,0.0003903567076002486,12.50386712962994,0.004882874467794188
0.9995216308044629,0.00047836919553716716,11.751910461633814,0.005624442513597161
0.9993562942298322,0.00064370577016791,9.998462717101711,0.006440213746556863
0.9990783017601977,0.0009216982398021953,7.850785152962126,0.007242730468474555
0.9987013763955482,0.0012986236044517983,5.846983486062361,0.007602904080541818
0.9981824585495433,0.0018175414504565941,4.240008915907858,0.007720424145868281
0.9975139445279664,0.002486055472033653,3.061034412518867,0.0076288671382202375
0.9970477216710192,0.0029522783289808287,2.267249238147412,0.0067133705305125494
0.997447558229811,0.002552441770188998,1.8070291486180703,0.004624139525758553
0.9985275004056122,0.0014724995943877265,1.6206913905915896,0.0023899866696754854
0.9994184802364766,0.0005815197635233778,1.620860441644498,0.0009431108183095459
0.999675049554115,0.00032495044588503653,1.7529540849560292,0.0005698083710066855
0.9997432134173595,0.0002567865826405288,1.9897261914043787,0.0005110662240302568
0.9998405277518847,0.00015947224811528696,2.3633913590789986,0.0003769554471411662
0.9998782176707981,0.00012178232920188318,3.024666625717183,0.00036839581083895136
0.9997971876973277,0.00020281230267226935,4.256745485980384,0.0008634954814084016
0.999709921777659,0.00029007822234091904,6.2945596453308355,0.0018264444841056084
0.9997052143814495,0.0002947856185504076,8.885755188504797,0.0026201652265578955
0.9997370344268329,0.00026296557316705547,11.030535093312118,0.0029014139551358483
0.9997372887170543,0.0002627112829458032,11.705439326198785,0.0030759590719840304
0.9997043748921562,0.0002956251078438471,11.109846844883494,0.003285320894991191
0.9996944776360651,0.0003055223639349889,10.686979478979751,0.003266109103116663
0.9997553546545719,0.0002446453454281382,11.340532207680996,0.002775087331485848
0.9998087078588429,0.0001912921411570954,12.405932534108333,0.002373611450716736
0.9997937245356816,0.00020627546431840668,12.983820008152867,0.0026787960707116516
0.9997851210807093,0.0002148789192906952,13.45817291284094,0.0028924991882381865
0.9998243307725904,0.00017566922740957003,14.92568962761588,0.0026224450483338796
0.9998174571007762,0.00018254289922367816,17.366984582609298,0.0031707985232377078
0.9997158056336011,0.00028419436639891136,19.08455113343072,0.005425263746766027
0.9995312866223002,0.00046871337769977553,18.47520900171924,0.008663638378112497
0.999252965636776,0.0007470343632239509,15.765960047101762,0.011786518859011384
0.9987951383169466,0.0012048616830534031,12.437634584836044,0.01500370673043204
0.9979048076017443,0.002095192398255804,9.499605567106178,0.01994529059185844
0.996241512080476,0.0037584879195240372,6.928172014531339,0.026137689009386605
0.9933874905394257,0.0066125094605743754,4.463216936054841,0.029709518687649608
0.9879147075612863,0.012085292438713816,2.2966204096893836,0.028094863918293377
0.9778767067553202,0.022123293244679713,1.1466433843483466,0.025941437876337313
0.9843785473676511,0.015621452632348914,1.965581538241471,0.031192511231343093
0.9914728242475587,0.008527175752441336,5.304491703223296,0.045621354337250064
0.9944095657307743,0.005590434269225646,10.832623495366626,0.060899524402314734
0.9961478458399372,0.00385215416006283,17.455455217588423,0.06750112918783352
0.9972014128078235,0.0027985871921765338,23.825931266357987,0.06686607662935388
0.9977135349451186,0.0022864650548813955,28.884203693219483,0.06619407281695874
0.9979224087771037,0.0020775912228963712,32.03325468049523,0.06669056449644882
0.9980912608616996,0.0019087391383004256,32.78095455070918,0.06268994970236104
0.9983158301080384,0.0016841698919616895,30.643401764053085,0.05169575907928737
0.9984960384115089,0.0015039615884910298,25.870865125708054,0.03896739287218047
0.9983889358871534,0.001611064112846709,19.7308229728008,0.031838915342310745
0.9978079590115798,0.00219204098842021,13.737150995496256,0.03017855066627688
0.9966149916829057,0.003385008317094387,8.886642159714649,0.030183529118782047
0.9946042706253396,0.005395729374660362,5.458117346521497,0.02961029322592072
0.9913005358828159,0.008699464117184046,3.3266395599481013,0.02919395323114654
0.9883022907330259,0.01169770926697418,2.550342070493997,0.030186270285627315
0.9900731666606913,0.009926833339308777,3.335202556828679,0.033439952772521986
0.9931364034836719,0.006863596516328109,5.44959303684406,0.037662306659876424
0.9950372228806506,0.004962777119349322,8.140294269895096,0.04059995467350607
0.9961709099311524,0.003829090068847492,10.724521830717746,0.04122300664047453
0.9969014851299847,0.003098514870015374,13.05318813173595,0.04057120801863226
0.9975144349646478,0.002485565035352221,15.263104382672571,0.038031969518162116
0.9981733308356184,0.0018266691643815348,17.22508957819494,0.031522120471659934
0.9988299028248802,0.0011700971751198675,18.455077040284415,0.02161953046297847
0.9993169107137,0.0006830892862999987,18.42264449324813,0.012592913162716223
0.9994992311221822,0.0005007688778178464,16.86267896767665,0.008448535587331309
0.9993698657890174,0.0006301342109825731,14.263333694650228,0.008993481624106762
0.9991660463664881,0.0008339536335118653,12.075774383656233,0.010079041377899037
0.9992007265652972,0.0007992734347028254,11.80265798424301,0.00944109700371816
0.9994040933419197,0.0005959066580802508,13.678976016936666,0.00815625324982919
0.9995401864354455,0.00045981356455456314,16.522188794957152,0.007600621392868195
0.9995866640893617,0.0004133359106382897,19.25650566404192,0.007962696572797204
0.9995847687680333,0.0004152312319667953,21.816548802928097,0.009062675542634029
0.9995642750471178,0.00043572495288232076,24.237106895694414,0.01056531583187325
0.9995061777128481,0.0004938222871519369,25.4521335795596,0.012575040652490778
0.9993499435038655,0.0006500564961344018,23.97596709796809,0.015595871360629694
0.9989907251320861,0.0010092748679139197,19.65718898582693,0.01985955056250023
0.998301726622925,0.0016982733770750083,14.338933786585248,0.024392855242047477
0.9973712339831415,0.002628766016858512,10.360290846085594,0.02730656306598519
0.9969186331940638,0.003081366805936266,8.747088558768036,0.02703629708195649
0.9973072223266227,0.0026927776733772254,9.035329438649697,0.02439582591936314
0.9979265289163635,0.0020734710836365845,10.41440449379767,0.02163883406790779
0.9983451927891415,0.0016548072108585363,12.43403346148254,0.0206100338647731
0.9986707528081966,0.0013292471918034488,14.848993373624431,0.019764254322554638
0.9989848431291902,0.0010151568708098592,17.14942234226966,0.01742704510575217
0.9992062042581915,0.000793795741808471,18.574556464814997,0.0147561171707269
0.9992665170523237,0.0007334829476763475,18.812022542727753,0.013808425991392786
0.9992133090612008,0.0007866909387992244,18.152708147931897,0.014291814255418613
0.999175383377832,0.0008246166221680466,17.028521820164617,0.014053590968572859
0.9993016050664931,0.0006983949335068959,15.619401831920918,0.010916134877113551
0.99952881971586,0.0004711802841399192,13.842268816958937,0.006525278737005249
0.9996792886658474,0.0003207113341526402,11.580538492131094,0.003715201457233362
0.9996804049758173,0.0003195950241827662,8.948915952918785,0.002860943353642914
0.9995797360116021,0.0004202639883978586,6.292635083839634,0.0026456798018122713
0.9994236566455211,0.0005763433544788129,4.0238737345284985,0.0023204702737789013
0.9991929273337773,0.0008070726662226817,2.3624798817758506,0.0019082330197933404
0.9985746140880274,0.0014253859119726007,1.2739784127943499,0.0018185029502404341
0.997950764661044,0.002049235338956034,1.0948329177472709,0.0022481773497734486
0.9993534538665314,0.0006465461334684978,2.816940867917083,0.0018224605311710118
0.9997085072446654,0.00029149275533450254,5.596795548058771,0.0016319010426788922
0.999792292345858,0.0002077076541419862,8.921019322718589,0.001853348950840094
0.9998279647997349,0.00017203520026515788,12.159602367187716,0.002092239567236779
0.999872275400084,0.0001277245999159409,14.896196190542232,0.001902853739939002
0.9999196271075315,8.037289246865163e-05,16.86669454351056,0.001355733991109451
0.9999301865336967,6.981346630340196e-05,17.733973363123937,0.0012381565918153817
0.9998823685111381,0.00011763148886191467,17.17125864584826,0.0020201183496733046
0.9997940630367064,0.0002059369632936702,15.221816449135394,0.0031353803460558182
0.9996845332471681,0.00031546675283191153,12.443890410156992,0.00392687249800412
0.99953561912386,0.00046438087614010174,9.53914810801193,0.004431856025212688
0.9992881635070602,0.0007118364929398635,6.992510673659227,0.004981069982169342
0.9989448193604883,0.0010551806395116018,4.956927531454521,0.005235978866181334
0.9985548344823063,0.00144516551769378,3.3887733452670665,0.0049044260933339264
0.9980403257269631,0.0019596742730369253,2.2098035152874993,0.004338998120362703
0.9967232678343215,0.0032767321656784944,1.36799270966821,0.004497282103108893
